"gene_name","fc","qval","pval","logfc","abs_fc"
"DKK1",1.0009748545437,0.999434935665095,0.997350061783784,0.00140573273458531,0.00140573273458531
"AFP",1.02016878712184,0.995179017388715,0.976307747091944,0.0288078661166554,0.0288078661166554
"F2",1.06659890817507,0.933755120607155,0.818009419803704,0.0930177563182266,0.0930177563182266
"DCPS",1.07487277899434,0.908904769468486,0.771366039043187,0.104165913791092,0.104165913791092
"SPP1",1.30191127070878,0.86231215922029,0.674503327251892,0.380631127712119,0.380631127712119
"FUCA1",1.08725567224093,0.79479737418748,0.553515997937185,0.120691235398913,0.120691235398913
"GOLM1",0.575075116557956,0.366023285055065,0.101435247624392,-0.798177681077903,0.798177681077903
"GPC3",0.176585039159311,0.0799991181243147,0.00637211466371468,-2.5015649763912,2.5015649763912
"MDK",0.283181708100769,0.03554621731227,0.0017308980024926,-1.82020001620586,1.82020001620586
