"gene_name","fc","qval","pval","logfc","abs_fc"
"DKK1",1.21203583922291,0.981492241685344,0.708193566737995,0.277432359128281,0.277432359128281
"SPP1",0.445364151754413,0.777143418854826,0.328741175962831,-1.16694265747904,1.16694265747904
"DCPS",1.61655403344044,0.61346909680855,0.188562440395283,0.692921730460438,0.692921730460438
"GOLM1",0.48122847086901,0.592337093954468,0.176090004269014,-1.05520609583461,1.05520609583461
"F2",3.53223630144557,0.57846635503197,0.167717110185186,1.82058186040433,1.82058186040433
"GPC3",0.1574872465311,0.49865684560611,0.123242228907443,-2.6666930923784,2.6666930923784
"AFP",0.239790357257487,0.39559208679807,0.0786157452833174,-2.06015445038257,2.06015445038257
"MDK",0.172257871455879,0.374326630123185,0.0705394651054689,-2.53735818539237,2.53735818539237
"FUCA1",5.56212817204988,0.266207581231312,0.0357245340235522,2.47563699010894,2.47563699010894
