"gene_name","fc","qval","pval","logfc","abs_fc"
"FUCA1",1.35920149409841,0.957068245887632,0.679327295941574,0.442759343514099,0.442759343514099
"DKK1",1.30701326677444,0.942150748748092,0.60280685614067,0.386273785213341,0.386273785213341
"GPC3",0.303294358057777,0.805485790210183,0.292839047010128,-1.72120943397695,1.72120943397695
"SPP1",0.255855749041124,0.805359171367482,0.292180493621296,-1.9665974440294,1.9665974440294
"AFP",1.61087704276965,0.71198998881071,0.178714292189607,0.687846378242917,0.687846378242917
"MDK",0.366166325579358,0.672152042035111,0.138959085758585,-1.44942897484307,1.44942897484307
"F2",8.9845089944851,0.474783183835321,0.0424252214407925,3.16743966226862,3.16743966226862
"DCPS",2.56579376442678,0.409357179556938,0.0260384735217716,1.35940521290765,1.35940521290765
"GOLM1",0.343410626856766,0.311559794540152,0.00767884002900321,-1.54199341059583,1.54199341059583
