"gene_name","fc","qval","pval","logfc","abs_fc"
"AFP",0.753598604726323,0.831642083236458,0.473676321201218,-0.408131801056993,0.408131801056993
"DKK1",0.808404435157803,0.809050179352777,0.433194724358629,-0.30685085807494,0.30685085807494
"DCPS",1.63897075734395,0.761667659559519,0.359609829361838,0.712790113979027,0.712790113979027
"SPP1",0.542386940923201,0.588003332807842,0.184548222795392,-0.882605651833724,0.882605651833724
"GOLM1",0.459263748667606,0.371400703555013,0.0676873099171794,-1.12260518392052,1.12260518392052
"F2",4.03830987732854,0.319904309013316,0.0496181592177336,2.01375161927076,2.01375161927076
"GPC3",0.174843778745482,0.168278533646202,0.0140114272405356,-2.51586163160964,2.51586163160964
"FUCA1",3.32869474251098,0.120077736525709,0.00713710907836207,1.73495657439584,1.73495657439584
"MDK",0.196129718305862,0.0147577243632112,0.00018034705085368,-2.3501199402646,2.3501199402646
