"gene_name","fc","qval","pval","logfc","abs_fc"
"SPP1",1.2932849684339,0.935217363795982,0.67922429133308,0.371040200321208,0.371040200321208
"DKK1",1.22233674789139,0.847786398587618,0.42441111558545,0.289641795455852,0.289641795455852
"DCPS",0.626142184091822,0.843301524699702,0.413790211338853,-0.67543779397199,0.67543779397199
"FUCA1",1.54373440456665,0.790886873108557,0.316134542335396,0.626424562078366,0.626424562078366
"AFP",0.580603079932103,0.677498923596229,0.178977502218819,-0.784375869820849,0.784375869820849
"GOLM1",0.505319261593701,0.630024848280884,0.141152667403208,-0.984732921707497,0.984732921707497
"F2",3.03394972456111,0.612838493333768,0.129765624162502,1.60119717895102,1.60119717895102
"GPC3",0.0719659915917284,0.112051859145425,0.00228670416456889,-3.79654088534445,3.79654088534445
"MDK",0.239665887541986,0.0677171150320346,0.000897061756166995,-2.06090351496261,2.06090351496261
