"gene_name","fc","qval","pval","logfc","abs_fc"
"DKK1",0.862861616943426,0.999398361058074,0.786935262719579,-0.212798891865278,0.212798891865278
"DCPS",1.4342599489032,0.999398361058074,0.750329838066563,0.520306525438742,0.520306525438742
"SPP1",0.463256972349318,0.999398361058074,0.589997540686344,-1.11011540487748,1.11011540487748
"FUCA1",2.07598818369873,0.880219731006955,0.223690522949953,1.05379823205429,1.05379823205429
"MDK",0.241448323800167,0.877618509036251,0.221547784569991,-2.05021364692279,2.05021364692279
"AFP",0.31368072939686,0.787085995214031,0.140419689949563,-1.67263119324026,1.67263119324026
"GPC3",0.107505093081659,0.73435058791328,0.107199186397358,-3.21752308540194,3.21752308540194
"GOLM1",0.341436306725119,0.69076767322998,0.0834147353238259,-1.55031161898426,1.55031161898426
"F2",6.78791835415791,0.660539099494168,0.0693941768110306,2.76296921208743,2.76296921208743
