"gene_name","fc","qval","pval","logfc","abs_fc"
"AFP",0.835220359325526,0.97320033920444,0.590712869039914,-0.259771215426907,0.259771215426907
"SPP1",0.230622788113925,0.965994995237849,0.380344147139851,-2.11639302042923,2.11639302042923
"DCPS",0.552764611785234,0.944800270457809,0.322402784271121,-0.855262838126777,0.855262838126777
"GPC3",0.283129979754539,0.934620539850706,0.289521728958845,-1.82046357505653,1.82046357505653
"GOLM1",0.495130963112842,0.844885292358884,0.174733138586773,-1.01411792354612,1.01411792354612
"F2",0.0443384827897602,0.772675207477226,0.0963046597241186,-4.49529678603632,4.49529678603632
"FUCA1",2.13576614135632,0.758677110973861,0.0784295607520509,1.09475368580068,1.09475368580068
"MDK",0.15789435665637,0.678212334192339,0.00918949573689498,-2.66296848650975,2.66296848650975
