"","gene_name","fc.asian","qval.asian","pval.asian","logfc.asian","abs_fc.asian","fc.white","qval.white","pval.white","logfc.white","abs_fc.white","fc.black","qval.black","pval.black","logfc.black","abs_fc.black"
"1","FCN3",6.03021677288626,0.00128887128064187,2.84953653717501e-06,2.59220986473678,2.59220986473678,4.5799053838239,0.00122032986875322,2.28985476602439e-06,2.19531779402134,2.19531779402134,15.0903927565502,0.0392758950277639,6.83732867656772e-06,3.91555845015908,3.91555845015908
"2","COLEC10",9.54711944029012,9.07819293700334e-06,1.02178479011172e-08,3.25506550842741,3.25506550842741,2.67864610894917,0.000111413894221124,9.69406545037188e-08,1.42150399118819,1.42150399118819,7.12932021035177,0.0086218293057474,1.00061850005773e-06,2.83376452044059,2.83376452044059
"3","FCN2",5.42254814748599,0,0,2.43897095782487,2.43897095782487,2.41529869487026,7.40124815695501e-06,3.7028780042192e-09,1.27220161513191,1.27220161513191,3.36113057206382,0.0397192280656832,8.14227496115372e-06,1.74894658906363,1.74894658906363
"4","GDF2",8.01570814096172,0,0,3.00282997968423,3.00282997968423,5.19953229100847,4.17840695376981e-09,8.01803068384288e-13,2.37838185560183,2.37838185560183,5.73750592725657,0.00138341938296138,8.02773389985134e-08,2.52042373893503,2.52042373893503
